<?xml version="1.0" encoding="UTF-8"?>
<beans xmlns="http://www.springframework.org/schema/beans"
    xmlns:xsi="http://www.w3.org/2001/XMLSchema-instance" xmlns:p="http://www.springframework.org/schema/p"
    xmlns:context="http://www.springframework.org/schema/context"
    xmlns:aop="http://www.springframework.org/schema/aop" xmlns:tx="http://www.springframework.org/schema/tx"
    xmlns:mvc="http://www.springframework.org/schema/mvc"
    xsi:schemaLocation="http://www.springframework.org/schema/beans
    http://www.springframework.org/schema/beans/spring-beans-4.3.xsd
    http://www.springframework.org/schema/context
    http://www.springframework.org/schema/context/spring-context-4.3.xsd
    http://www.springframework.org/schema/aop
    http://www.springframework.org/schema/aop/spring-aop-4.3.xsd
    http://www.springframework.org/schema/tx
    http://www.springframework.org/schema/tx/spring-tx.xsd">


    <!-- 1.引入属性文件 -->
    <context:property-placeholder location="classpath:db.properties" />

    <!-- 2.自动扫描service包(自动注入) -->
    <context:component-scan base-package="jnshu.service" />

    <!-- ========================================配置数据源========================================= -->
    <!-- 3.配置C3P0数据源 -->
    <bean id="dataSource" class="com.mchange.v2.c3p0.ComboPooledDataSource"
        destroy-method="close">
        <!--驱动类名 -->
        <property name="driverClass" value="${db.driver}" />
        <!-- url -->
        <property name="jdbcUrl" value="${db.url}" />
        <!-- 用户名 -->
        <property name="user" value="${db.username}" />
        <!-- 密码 -->
        <property name="password" value="${db.password}" />
    </bean>

    <!-- ========================================针对myBatis的配置项============================== -->
    <!-- 4.配置sqlSessionFactory 进行spirng-mybatis的整合-->
    <bean id="sqlSessionFactory" class="org.mybatis.spring.SqlSessionFactoryBean">
        <!-- 实例化sqlSessionFactory时需要使用上述配置好的数据源以及SQL映射文件 -->
        <!-- 将数据源引进来 -->
        <property name="dataSource" ref="dataSource" />
        <!-- sql映射文件路径mapper.xml -->
        <property name="mapperLocations" value="classpath:userMapper.xml" />
    </bean>

    <!-- 5.配置扫描器  -->
    <bean class="org.mybatis.spring.mapper.MapperScannerConfigurer">
        <!-- 扫描com.demo.dao这个包以及它的子包下的所有映射接口类 -->
        <property name="basePackage" value="jnshu.dao" />
        <property name="sqlSessionFactoryBeanName" value="sqlSessionFactory" />
    </bean>

<!--不要事务管理器-->
</beans>