<?xml version="1.0" encoding="UTF-8"?>
<beans xmlns="http://www.springframework.org/schema/beans"
    xmlns:aop="http://www.springframework.org/schema/aop" xmlns:context="http://www.springframework.org/schema/context"
    xmlns:mvc="http://www.springframework.org/schema/mvc" xmlns:tx="http://www.springframework.org/schema/tx"
    xmlns:xsi="http://www.w3.org/2001/XMLSchema-instance"
    xsi:schemaLocation="http://www.springframework.org/schema/aop
        http://www.springframework.org/schema/aop/spring-aop-4.3.xsd
        http://www.springframework.org/schema/beans
        http://www.springframework.org/schema/beans/spring-beans-4.3.xsd
        http://www.springframework.org/schema/context
        http://www.springframework.org/schema/context/spring-context-4.3.xsd
        http://www.springframework.org/schema/mvc
        http://www.springframework.org/schema/mvc/spring-mvc-4.3.xsd
        http://www.springframework.org/schema/tx
        http://www.springframework.org/schema/tx/spring-tx-4.3.xsd" >

    <!-- 1.自动扫描包，实现支持注解的IOC  -->
    <!-- 自动扫描该包，使springmvc认为包下用了@Controller注解的类是控制器 -->
    <context:component-scan base-package="jnshu.controller" />

    <!-- 2.配置注解的处理器映射器和处理器适配器 -->
    <!-- <mvc:annotation-driven /> 是一种简写形式，完全可以手动配置替代这种简写形式，简写形式可以让初学者
        快速应用默认配置方案。<mvc:annotation-driven /> 会自动注册DefaultAnnotationHandlerMapping与
        AnnotationMethodHandlerAdapter 两个bean,是spring MVC为@Controllers分发请求所必须的。 -->
    <mvc:annotation-driven />

    <!-- 3.Spring MVC不处理静态资源  -->
    <mvc:default-servlet-handler/>

    <!-- 4.配置内部视图解析器 -->
      <!-- 对模型视图名称的解析,即在模型视图名称添加前后缀 -->
    <bean class="org.springframework.web.servlet.view.InternalResourceViewResolver">
        <property name="prefix" value="/WEB-INF/" />
        <property name="suffix" value=".jsp" />
    </bean>

<!--<bean-->
<!--    class="org.springframework.web.servlet.mvc.annotation.AnnotationMethodHandlerAdapter">-->
<!--    <property name="messageConverters">-->
<!--      <list>-->
<!--        <ref bean="mappingJackson2HttpMessageConverter" />-->
<!--      </list>-->
<!--    </property>-->
<!--  </bean>-->
<!--  <bean id="mappingJackson2HttpMessageConverter"-->
<!--    class="org.springframework.http.converter.json.MappingJackson2HttpMessageConverter">-->
<!--    <property name="supportedMediaTypes">-->
<!--      <list>-->
<!--        <value>text/html;charset=UTF-8</value>-->
<!--        <value>text/json;charset=UTF-8</value>-->
<!--        <value>application/json;charset=UTF-8</value>-->
<!--      </list>-->
<!--    </property>-->


<!--  </bean>-->
    <bean id="messageSource"
     class="org.springframework.context.support.ReloadableResourceBundleMessageSource">
   <property name="basenames">
       <set>
           <value>classpath:message</value>
       </set>
   </property>
   <property name="useCodeAsDefaultMessage" value="false"/>
   <property name="defaultEncoding" value="UTF-8"/>
</bean>
</beans>