<?xml version="1.0" encoding="UTF-8"?>

<!DOCTYPE mapper PUBLIC "-//mybatis.org//DTD Mapper 3.0//EN"
	"http://mybatis.org/dtd/mybatis-3-mapper.dtd">
<mapper namespace="Userss.UserMapper">

	<resultMap type="Userss.User" id="userMap">
		<id property="id" column="id"/>
		<result property="name" column="name"/>
		<result property="career" column="career"/>
		<result property="email" column="email"/>
		<result property="createTime" column="createtime"/>
	</resultMap>

	<select id="findById" parameterType="int" resultType="Userss.User">
       select * from task00 where id=#{id}
</select>

   <select id="findAll" resultType="Userss.User" >
       select * from task00
</select>
<!--keyProperty 和useGeneratedKeys是获取增长的主键id-->
   <insert id="add" keyProperty="id" useGeneratedKeys="true" parameterType="Userss.User">
       INSERT INTO task00 (name,type,admission_time,graduated_school,daliy_link,volunte,brother,source,create_at,update_at) VALUES (#{name},#{type},#{admissionTime},#{graduatedSchool},#{daliyLink},#{volunte},#{brother},#{source},#{createAt},#{updateAt})
</insert>
   <update id="update" parameterType="Userss.User">
       UPDATE task00 SET name=#{name},type=#{type},admission_time=#{admissionTime},graduated_school=#{graduatedSchool},daliy_link=#{daliyLink},volunte=#{volunte},brother=#{brother},source=#{source},create_at=#{createAt},update_at=#{updateAt} WHERE id=#{id}

</update>

   <delete id="delete" parameterType="int">
       DELETE FROM task00 where id=#{id}
</delete>

</mapper>