
<beans xmlns="http://www.springframework.org/schema/beans"
	xmlns:xsi="http://www.w3.org/2001/XMLSchema-instance"
	xmlns:context="http://www.springframework.org/schema/context"


	xsi:schemaLocation="http://www.springframework.org/schema/beans
		http://www.springframework.org/schema/beans/spring-beans-3.2.xsd
		http://www.springframework.org/schema/context
		http://www.springframework.org/schema/context/spring-context-3.2.xsd">
	<!-- 加载数据库配置文件 -->
	<context:property-placeholder location="classpath:db.properties"/>

	<context:annotation-config/>
	<!-- 配置数据源 -->
	<bean id="dataSource" class="com.mchange.v2.c3p0.ComboPooledDataSource">
		 <property name="driverClass" value="${db.driver}"></property>
    	         <property name="jdbcUrl" value="${db.url}"></property>
    	         <property name="user" value="${db.user}"></property>
    	         <property name="password" value="${db.password}"></property>

	</bean>
	<!-- sqlSessionFactory -->
	<bean id="sqlSessionFactory" class="org.mybatis.spring.SqlSessionFactoryBean">
		<!-- 加载mybatis配置文件 -->
<!--		<property name="configLocation" value="MapConfig.xml"></property>-->
		 <!-- 自动扫描mapping.xml文件 -->
        <property name="mapperLocations" value="classpath:mapper/*.xml"></property>
		<!-- 配置数据源 -->
		<property name="dataSource" ref="dataSource"></property>
	</bean>

	<bean id="mapperScannerConfigurer" class="org.mybatis.spring.mapper.MapperScannerConfigurer">
		<!-- 指定扫描的包名 ：如果扫描多个包，每个包使用半角逗号分隔 -->
		<property name="basePackage" value="Userss"></property>
		<property name="sqlSessionFactoryBeanName" value="sqlSessionFactory"></property>
	</bean>
</beans>
